"title","date","link"
"Максимум самовпевненості. Джастін Бібер, SZA, Lil Nas X в рекламній кампанії Calvin Klein","28 лютого, 11:15","https://nv.ua/ukr/style/krasota-i-moda/dzhastin-biber-sza-lil-nas-x-kendall-dzhenner-znyalisya-dlya-calvin-klein-foto-50072822.html"
"На спорті. Кейт Міддлтон показала ідеальну фігуру на Олімпійському стадіоні в Лондоні","27 лютого, 11:44","https://nv.ua/ukr/style/znamenitosti/keyt-middlton-pokazala-idealnu-figuru-foto-50072612.html"
"Три дні до весни. П’ять стильних ідей для ніжного манікюру","26 лютого, 15:38","https://nv.ua/ukr/style/krasota-i-moda/manikyur-2020-vesna-p-yat-variantiv-modnogo-dizaynu-nigtiv-foto-50072453.html"
"У президентському палаці в Нью-Делі. Іванка Трамп викликала захоплення сукнею-анаркалі на прийомі в Індії","26 лютого, 14:20","https://nv.ua/ukr/style/znamenitosti/ivanka-tramp-viklikala-zahoplennya-sukneyu-anarkali-na-priyomi-v-indiji-foto-50072434.html"
"Скосило. Експерти назвали hair-тренд для стильного повсякденного образу","25 лютого, 18:56","https://nv.ua/ukr/style/krasota-i-moda/zachiski-2020-roku-eksperti-nazvali-idealniy-hair-trend-dlya-stilnogo-povsyakdennogo-obrazu-foto-50072299.html"
"На 15-сантиметрових підборах. 71-річна мама Ілона Маска взяла участь у показі Philipp Plein в Мілані","24 лютого, 18:06","https://nv.ua/ukr/style/znamenitosti/mama-ilona-maska-vzyala-uchast-u-pokazi-philipp-plein-v-milani-foto-50072066.html"
"Без жодного глядача. Giorgio Armani показав нову колекцію в порожній залі через загрозу коронавірусу","24 лютого, 16:46","https://nv.ua/ukr/style/krasota-i-moda/giorgio-armani-vidminiv-pokaz-cherez-koronavirus-foto-50072043.html"
"Класика і трохи хайпу. Найяскравіші street-style образи з Тижня моди в Мілані","24 лютого, 16:23","https://nv.ua/ukr/style/krasota-i-moda/street-style-obrazi-z-tizhnya-modi-v-milani-nayyaskravishi-50072034.html"
"Victoria’s Secret продають. Бренд оцінили в $ 1,1 млрд при капіталізації в $ 7 млрд","20 лютого, 17:01","https://nv.ua/ukr/biz/markets/victoria-s-secret-prodayut-brend-ocinili-v-1-1-mlrd-novini-svitu-50071390.html"
"Рік без Карла. 10 цитат легендарного кутюр'є Лагерфельда","19 лютого, 14:40","https://nv.ua/ukr/style/krasota-i-moda/karl-lagerfeld-richnicya-smerti-citati-50006883.html"
"Як у Русалоньки, Попелюшки і Білосніжки. Disney запускає колекцію весільних суконь, натхнених культовими мультфільмами","18 лютого, 18:00","https://nv.ua/ukr/style/krasota-i-moda/vesilni-sukni-2020-disney-vipustiv-kolekciyu-odyagu-kazkovih-princes-dlya-narechenih-ostanni-novini-50070961.html"
"До Кейт Міддлтон і Меган Маркл. Британський королівський дім нагадав у Instagram, хто був головним трендсеттером","18 лютого, 17:05","https://nv.ua/ukr/style/krasota-i-moda/princesa-anna-bula-golovnoyu-modniceyu-v-korolivskiy-rodini-foto-50070944.html"
"З усією родиною. Вікторія Бекхем влаштувала феєричний показ нової колекції у Лондоні","17 лютого, 16:54","https://nv.ua/ukr/style/krasota-i-moda/viktoriya-bekhem-pokazala-novu-kolekciyu-v-londoni-pokaz-vidvidala-vsya-sim-ya-foto-50070727.html"
"Всі відтінки червоного. Стилісти назвали наймодніший колір в манікюрі","17 лютого, 14:32","https://nv.ua/ukr/style/krasota-i-moda/vesna-2020-manikyur-nazvaniy-naymodnishiy-kolir-novogo-sezonu-ostanni-novini-50070681.html"
"Офіційно. Маріон Котійяр стала обличчям аромату Chanel N°5","17 лютого, 14:00","https://nv.ua/ukr/style/krasota-i-moda/marion-kotiyyar-stala-oblichchyam-aromatu-chanel-n05-foto-50070671.html"
"У головному відтінку року. Стилісти назвали наймодніший колір волосся весни 2020","14 лютого, 14:22","https://nv.ua/ukr/style/krasota-i-moda/modniy-kolir-volossya-vesni-2020-classic-blue-foto-50070260.html"
"Українська дизайнерка випустила до Дня Святого Валентина колекцію Koitus","14 лютого, 14:20","https://nv.ua/ukr/style/krasota-i-moda/lutiki-koitus-kolekciya-do-dnya-svyatogo-valentina-50070261.html"
"Стильний hair-образ. Іванка Трамп повернула в моду мелірування з 90-х","13 лютого, 15:21","https://nv.ua/ukr/style/znamenitosti/ivanka-tramp-povernula-v-modu-meliruvannya-z-90-h-foto-50070018.html"
"Бажання кинути виклик. Гранжевий манікюр став новим трендом в б’юті-індустрії","13 лютого, 11:23","https://nv.ua/ukr/style/krasota-i-moda/trendi-manikyuru-2020-granzheviy-dizayn-nigtiv-foto-50069947.html"
"З'їж мене. Мережа ресторанів KFС і бренд Crocs випустили взуття з принтом і ароматом смаженої курки","13 лютого, 11:21","https://nv.ua/ukr/style/krasota-i-moda/vzuttya-iz-zobrazhennyam-i-aromatom-smazhenoji-kurki-kfc-i-crocs-vstupili-v-kollab-ostanni-novini-50069943.html"
"Полум’яне кохання. 10 стильних ідей манікюру до Дня всіх закоханих","13 лютого, 07:05","https://nv.ua/ukr/style/krasota-i-moda/nemozhlivo-ne-zakohatisya-10-stilnih-idey-manikyuru-do-dnya-vsih-zakohanih-50005418.html"
"10 років. Кейт Міддлтон, Кім Кардашьян, Наомі Кемпбелл та інші зірки вшанували пам’ять Олександра Маккуїна","12 лютого, 15:26","https://nv.ua/ukr/style/znamenitosti/keyt-middlton-naomi-kempbell-ta-inshi-zirki-vshanuvali-pam-yat-oleksandra-makkujina-foto-50069775.html"
"У лондонській галереї Тейт Модерн. Мадонна вийшла в світ у капелюсі українського дизайнера","12 лютого, 13:03","https://nv.ua/ukr/style/krasota-i-moda/madonna-viyshla-v-svit-v-kapelyusi-ukrajinskogo-dizaynera-foto-novini-ukrajini-50069739.html"
"Зірковий тренд. Прозорий френч набирає популярності в nail-арт індустрії","12 лютого, 10:50","https://nv.ua/ukr/style/krasota-i-moda/modniy-manikyur-2020-prozoriy-french-stav-novim-trendom-foto-50069693.html"
"Тричі в одній сукні. Володарка Оскар 2020 Лора Дерн давно дотримується тренду на відповідальну моду","11 лютого, 14:39","https://nv.ua/ukr/style/kultura/oskar-2020-lora-dern-trichi-odyagla-odnu-y-tu-zh-suknyu-na-vechirku-vanity-fair-foto-50069529.html"
"Шарліз Терон, Том Форд та інші. Десять найяскравіших образів гостей вечірки Vanity Fair","10 лютого, 19:21","https://nv.ua/ukr/style/kultura/oskar-2020-roku-sukni-vechirka-vanity-fair-foto-video-ostanni-novini-50069324.html"
"Не купує новий одяг. Джейн Фонда одягла на Оскар 2020 сукню шестирічної давнини","10 лютого, 13:53","https://nv.ua/ukr/style/kultura/oskar-2020-roku-dzheyn-fonda-odyagla-na-ceremoniyu-plattya-yake-nosila-shist-rokiv-tomu-ostanni-novini-50069306.html"
"До Дня закоханих київський ЦУМ змінив ім'я на «ЦЬОМ»","9 лютого, 21:12","https://nv.ua/ukr/kyiv/do-dnya-zakohanih-kijivskiy-cum-pominyav-im-ya-na-com-novini-kiyeva-50069207.html"
"Англійська ексцентричність. Кендалл Дженнер і сестри Хадід знялися в рекламі весняно-літньої колекції Burberry","7 лютого, 17:02","https://nv.ua/ukr/style/znamenitosti/sestri-hadid-i-kendall-dzhenner-v-reklami-burberry-foto-50068944.html"
"Напередодні найромантичнішого свята, 14 лютого, шукаємо подарунки для нього, для неї або для себе","6 лютого, 16:50","https://nv.ua/ukr/style/krasota-i-moda/naperedodni-nayromantichnishogo-svyata-14-lyutogo-shukayemo-podarunki-dlya-nogo-dlya-neji-abo-dlya-sebe-50068384.html"
"ICON. 73-річна Шер знялася в рекламній кампанії бренду Dsquared2","5 лютого, 14:19","https://nv.ua/ukr/style/krasota-i-moda/sher-2020-roku-73-richna-spivachka-znyalasya-v-reklami-brendu-dsquared2-foto-ta-video-50068368.html"
"Скандал у Victoria’s Secret. Моделі розповіли про багаторічні домагання одного з керівників компанії - розслідування New York Times","3 лютого, 14:29","https://nv.ua/ukr/style/krasota-i-moda/victoria-s-secret-odnogo-z-kerivnikiv-zvinuvatili-v-domagannyah-50067883.html"
"Під відео глобальних катастроф. Жан Гріцфельдт показав нову колекцію в студії Савіка Шустера","1 лютого, 12:38","https://nv.ua/ukr/style/krasota-i-moda/zhan-gricfeldt-pokazav-novu-kolekciyu-v-studiji-savika-shustera-50067666.html"
"Нова муза. 15-річна дочка Моніки Беллуччі і Венсана Касселя знялася в рекламі Dolce & Gabbana","31 січня, 16:44","https://nv.ua/ukr/style/znamenitosti/dochka-moniki-belluchchi-i-vensana-kasselya-v-reklami-dolce-gabbana-foto-50067557.html"
"Слідом за скасуванням щорічного шоу. ЗМІ повідомили про ймовірний продаж Victoria’s Secret","31 січня, 12:41","https://nv.ua/ukr/style/krasota-i-moda/victoria-s-secret-prodayut-novini-svitu-50067484.html"
"Дорого-багато. Експерти розповіли, з чим поєднувати базові легінси, щоб створити трендовий образ","30 січня, 16:35","https://nv.ua/ukr/style/krasota-i-moda/leginsi-z-chim-poyednuvati-shchob-viglyadati-stilno-foto-50067314.html"
"На Тижні моди в Парижі. Зірка шоу Топ-модель по-українськи взяла участь у показі Жан-Поля Готьє","28 січня, 16:31","https://nv.ua/ukr/style/krasota-i-moda/uchasnicya-top-model-po-ukrajinski-vistupila-na-ostannomu-pokazi-zhana-polya-gotye-foto-ta-video-50066787.html"
"В Парижі. Наомі Кемпбелл повністю оголилася в провокаційній рекламі Vivienne Westwood","28 січня, 12:42","https://nv.ua/ukr/style/znamenitosti/naomi-kempbell-znyalasya-goloyu-dlya-reklami-vivienne-westwood-provokaciyni-foto-50066768.html"
"Пастель, голографік і грінсбон. П’ять ключових трендів манікюру 2020 року","27 січня, 18:02","https://nv.ua/ukr/style/krasota-i-moda/modniy-manikyur-2020-5-golovnih-trendiv-foto-50066615.html"
"За $20 тис. Вікторію Бекхем розкритикували за сумку із крокодилячої шкіри","27 січня, 16:16","https://nv.ua/ukr/style/krasota-i-moda/viktoriyu-bekhem-rozkritikuvali-za-sumku-z-krokodilyachoji-shkiri-ostanni-novini-50066575.html"
"Український Haute Couture в Давосі. Дизайнерка Оксана Караванська представила колекцію на економічному форумі","24 січня, 15:38","https://nv.ua/ukr/style/krasota-i-moda/oksana-karavanska-pokaz-u-davosi-divitis-foto-50066070.html"
"Тріумфальне прощання. Белла і Джіджі Хадід, Діта фон Тіз, Ірина Шейк та інші зірки на останньому показі Жан-Поля Готьє","24 січня, 11:22","https://nv.ua/ukr/style/krasota-i-moda/dzhidzhi-hadid-dita-fon-tiz-irina-sheyk-ta-inshi-zirki-na-ostannomu-pokazi-zhan-polya-gotye-foto-50065981.html"
"У Парижі. Белла Хадід одягла капелюх українського дизайнера","23 січня, 17:25","https://nv.ua/ukr/style/krasota-i-moda/bella-hadid-viyshla-v-svit-v-kapelyuhah-ukrajinskogo-dizaynera-foto-50065852.html"
"Скромна розкіш. Chanel представив нову колекцію, натхненну дитинством Коко Шанель","22 січня, 16:16","https://nv.ua/ukr/style/krasota-i-moda/chanel-predstaviv-kolekciyu-nathnennu-ditinstvom-koko-shanel-foto-video-50065572.html"
"Hunter Green. Темно-зелений манікюр став головним зимовим трендом","22 січня, 12:46","https://nv.ua/ukr/style/krasota-i-moda/modniy-manikyur-2020-temno-zeleniy-nail-art-stav-novim-trendom-foto-50065515.html"
"У стилі печворк. Супермодель Джіджі Хадід вийшла у світ в кардігані українського дизайнера","21 січня, 14:17","https://nv.ua/ukr/style/krasota-i-moda/dzhidzhi-hadid-viyshla-v-svit-v-kardigani-ukrajinskogo-dizaynera-foto-50065314.html"
"Покази з доповненою реальністю та нові імена. Ukrainian Fashion Week оголосив програму","21 січня, 11:31","https://nv.ua/ukr/style/krasota-i-moda/ukrainian-fashion-week-programa-50065271.html"
"Вікторія Бекхем в зелених штанях і Стефано Пілаті в яскравому шарфі. Найкращі street style образи з чоловічого Тижня моди в Парижі","20 січня, 15:03","https://nv.ua/ukr/style/krasota-i-moda/street-style-obrazi-z-cholovichogo-tizhnya-modi-v-parizhi-viktoriya-bekhem-ta-inshi-50065104.html"
"Дженніфер Еністон, Марго Роббі, Джей Ло та інші. 10 найкращих суконь з червоної доріжки SAG Awards 2020","20 січня, 11:35","https://nv.ua/ukr/style/znamenitosti/sag-awards-2020-10-naykrashchih-sukon-z-chervonoji-dorizhki-foto-50065052.html"
"Ювелірна робота. Золотий френч став новим трендом в манікюрі","17 січня, 16:00","https://nv.ua/ukr/style/krasota-i-moda/modniy-manikyur-2020-zolotiy-french-stav-novim-trendom-foto-50064750.html"
"У довгих пальто і оверсайз-брюках. Найкращі street style образи з чоловічого Тижня моди в Мілані","16 січня, 19:38","https://nv.ua/ukr/style/krasota-i-moda/street-style-obrazi-z-cholovichogo-tizhnya-modi-v-milani-top-krashchih-foto-50064572.html"
"У стильних look-ах. Ірина Шейк показала тренди 2020 року в новій рекламі Burberry","15 січня, 16:24","https://nv.ua/ukr/style/krasota-i-moda/irina-sheyk-v-noviy-reklami-burberry-foto-50064310.html"
"Кастомізація кросівок в новому pop-up store Dolce & Gabbana","14 січня, 14:00","https://nv.ua/ukr/style/krasota-i-moda/krosivki-dolce-gabbana-mozhna-kastomizuvati-v-pop-up-magazini-millennials-do-14-lyutogo-novini-kiyeva-50063951.html"
"Віддана. Леся Патока розповідає, як створювалися три тисячі костюмів для фільму за романом Софії Андрухович","14 січня, 13:44","https://nv.ua/ukr/style/kultura/viddana-film-yak-stvoryuvalisya-3000-kostyum-ruchnoji-roboti-za-tri-misyaci-foto-novinki-kino-50063955.html"
"У червоному. Ріанна знялася у спокусливій спідній білизні для реклами свого бренду","13 січня, 13:44","https://nv.ua/ukr/style/znamenitosti/rianna-znyalasya-v-garyachiy-reklami-spidnoji-bilizni-foto-50063878.html"
"З милим коалою. Balenciaga випустив футболки і худі, щоб допомогти Австралії","11 січня, 14:43","https://nv.ua/ukr/style/krasota-i-moda/pozhezha-v-avstraliji-futbolki-i-hudi-z-koaloyu-balenciaga-dopomozhut-zibrati-groshi-na-vidnovlennya-50063637.html"
"Унісекс. Бренд Бейонсе випускає спільну колекцію з Adidas","11 січня, 11:05","https://nv.ua/ukr/style/krasota-i-moda/beyonse-i-adidas-vipustyat-kolekciyu-50063597.html"
"У монохромі. Dolce & Gabbana представили рекламну кампанію чоловічої колекції","10 січня, 11:39","https://nv.ua/ukr/style/krasota-i-moda/dolce-gabbana-men-nova-kolekciya-dlya-cholovikiv-foto-50063232.html"
"Ідеальна пара. Фешн-експерти розповіли, з яким взуттям носити наймодніші джинси 2020 року","9 січня, 17:42","https://nv.ua/ukr/style/krasota-i-moda/modni-dzhinsi-2020-z-yakim-vzuttyam-nositi-foto-50063272.html"
"Весна на Сицилії. Dolce & Gabbana представили нову рекламну кампанію","9 січня, 14:19","https://nv.ua/ukr/style/krasota-i-moda/dolce-gabbana-reklamna-kampaniya-vesna-lito-2020-roku-foto-50063220.html"
"Творець мелірування і стиліст Елізабет Тейлор. Помер легендарний зірковий перукар Жак Дессанж","8 січня, 12:32","https://nv.ua/ukr/style/krasota-i-moda/zhak-dessanzh-pomer-legendarniy-perukar-novini-svitu-50062985.html"
"Шапки не завада. Наймодніші стрижки зими 2020","8 січня, 09:15","https://nv.ua/ukr/style/krasota-i-moda/naymodnishi-strizhki-v-2020-roci-krashchi-zachiski-sezonu-zima-2020-50059785.html"
"Простіше. Вісім головних модних трендів 2020 року: від мінімалізму з 90-х до тропічних принтів","6 січня, 12:31","https://nv.ua/ukr/style/krasota-i-moda/modni-trendi-2020-minimalizm-bryuchni-kostyumi-bazovi-topi-ta-inshi-kruti-tendenciji-foto-50061988.html"
"Спогади на великому екрані. ЦУМ представив фільм, створений до його 80-річчя","6 січня, 11:09","https://nv.ua/ukr/style/krasota-i-moda/spogadi-na-velikomu-ekrani-cum-predstaviv-film-stvoreniy-do-yogo-80-richchya-50060634.html"
"Дуже сексі. Белла Хадід одягла джинсові шорти українського дизайнера","3 січня, 13:39","https://nv.ua/ukr/style/krasota-i-moda/bella-hadid-nadilu-dzhinsovi-shorti-ukrajinskogo-dizaynera-novini-ukrajini-50062517.html"
"Англійська ексцентричність. Фешн-експерти назвали ugly-светр головним трендом 2020 року","28 грудня 2019, 11:00","https://nv.ua/ukr/style/krasota-i-moda/noviy-rik-2020-eksperti-nazvali-ugly-svetr-golovnim-trendom-foto-50061914.html"
"Тренд 2020. Дизайнер найпопулярніших джинсів року представила нову незвичайну модель деніму","24 грудня 2019, 18:51","https://nv.ua/ukr/style/krasota-i-moda/modni-dzhinsi-2020-avtor-naypopulyarnishih-dzhinsiv-2019-predstavila-novu-nezvichaynu-model-foto-50061250.html"
"Пуховик, як у Діани, та шорти серфера. Соня Солтес представила нову колекцію бренду LUTIKI","23 грудня 2019, 14:03","https://nv.ua/ukr/style/krasota-i-moda/sonya-soltis-predstavila-drugu-modnu-kolekciyu-lutiki-foto-50060902.html"
"Зимова казка від Helen Marlen","23 грудня 2019, 13:23","https://nv.ua/ukr/style/krasota-i-moda/zimnyaya-skazka-ot-helen-marlen-50060618.html"
"Один з найвизначніших модельєрів світу. Помер Емануель Унгаро","23 грудня 2019, 09:55","https://nv.ua/ukr/style/krasota-i-moda/odin-iz-velichayshih-modelerov-mira-umer-emanuel-ungaro-50060845.html"
"Природність і блискітки. Головні б’юті тренди зими 2020","22 грудня 2019, 05:00","https://nv.ua/ukr/style/krasota-i-moda/estestvennost-i-blestki-glavnye-byuti-trendy-zimy-2020-50060382.html"
"Перша леді. П’ять найяскравіших виходів Олени Зеленської у 2019 році","21 грудня 2019, 08:05","https://nv.ua/ukr/style/znamenitosti/druzhina-zelenskogo-krashchi-naryadi-oleni-zelenskoji-u-2019-roci-50060485.html"
"Привіт з 90-х. Стилісти назвали наймоднішу модель взуття 2020 року","20 грудня 2019, 15:03","https://nv.ua/ukr/style/krasota-i-moda/privet-iz-90-h-stilisty-nazvali-samuyu-modnuyu-model-obuvi-2020-goda-50060391.html"
"Головна вечірка року. Три стильних образи для святкування Нового року 2020","20 грудня 2019, 12:42","https://nv.ua/ukr/style/krasota-i-moda/glavnaya-vecherinka-goda-tri-stilnyh-obraza-dlya-prazdnovaniya-novogo-goda-2020-50060336.html"
"Нагадують мівіну. Нові мюлі Bottega Veneta викликали подив у Мережі","19 грудня 2019, 15:35","https://nv.ua/ukr/style/krasota-i-moda/napominayut-lapshu-bystrogo-prigotovleniya-novye-myuli-bottega-veneta-vyzvali-nedoumenie-v-seti-50060172.html"
"Як молоко. Експерти назвали наймодніший манікюр 2020 року","18 грудня 2019, 10:47","https://nv.ua/ukr/style/krasota-i-moda/kak-moloko-eksperty-nazvali-samyy-modnyy-manikyur-2020-goda-50059780.html"
"Новий рік 2020. Три стильні ідеї для святкового манікюру","17 грудня 2019, 16:40","https://nv.ua/ukr/style/krasota-i-moda/novyy-god-2020-tri-stilnye-idei-dlya-prazdnichnogo-manikyura-50059761.html"
"Худі з Мадонною. Лувр разом з відомим дизайнером випустив колекцію, присвячену да Вінчі","16 грудня 2019, 11:08","https://nv.ua/ukr/style/krasota-i-moda/madonna-na-hudi-luvr-vmeste-s-izvestnym-dizaynerom-vypustil-kollekciyu-posvyashchennuyu-da-vinchi-50059459.html"
"Міс Світу 2019 стала 23-річна представниця Ямайки","14 грудня 2019, 21:49","https://nv.ua/ukr/style/znamenitosti/aaa-50059321.html"
"Абсолютний тренд. Експерти назвали наймоднішу спідницю 2020 року","13 грудня 2019, 17:18","https://nv.ua/ukr/style/krasota-i-moda/absolyutnyy-trend-eksperty-nazvali-samuyu-modnuyu-yubku-2020-goda-50059138.html"
"Повернення легенди. Визначені наймодніші джинси 2020 року","11 грудня 2019, 18:20","https://nv.ua/ukr/style/krasota-i-moda/klassika-opredeleny-samye-modnye-dzhinsy-2020-goda-50058743.html"
"Синій оксамит. Легендарну сукню принцеси Діани не змогли продати на аукціоні","11 грудня 2019, 13:35","https://nv.ua/ukr/style/krasota-i-moda/legendarnyy-tanec-s-travoltoy-samoe-znamenitoe-plate-princessy-diany-ne-smogli-prodat-na-aukcione-50058658.html"
"Новорічні вітрини ЦУМ: фабрика подарунків","10 грудня 2019, 15:30","https://nv.ua/ukr/style/krasota-i-moda/novogodnie-vitriny-cum-50058466.html"
"15 мішків з секонд-хенду. Художник з костюмів розкрила секрети створення образів для кліпу ONUKA","10 грудня 2019, 14:24","https://nv.ua/ukr/style/krasota-i-moda/12-meshkov-veshchey-iz-sekond-henda-dizayner-raskryla-sekrety-sozdaniya-kostyumov-dlya-klipa-onuka-50058455.html"
"Новою Міс Всесвіт стала представниця ПАР","10 грудня 2019, 06:34","https://nv.ua/ukr/style/krasota-i-moda/novoy-miss-vselennaya-stala-predstavitelnica-yuar-50058386.html"
"Baby hair. Дженніфер Лопес показала, як носити трендову зачіску сезону","6 грудня 2019, 11:49","https://nv.ua/ukr/style/krasota-i-moda/baby-hair-dzhennifer-lopes-pokazala-kak-sdelat-samuyu-modnuyu-prichesku-sezona-50057773.html"
"Символ стабільності і довіри. Інститут Pantone вибрав колір 2020 року","5 грудня 2019, 12:01","https://nv.ua/ukr/style/krasota-i-moda/simvol-stabilnosti-i-doveriya-institut-pantone-vybral-cvet-2020-goda-50057521.html"
"До сукні Fendi. Французька топ-модель Сінді Бруна відвідала Fashion Awards в Лондоні в капелюсі українського дизайнера","4 грудня 2019, 13:12","https://nv.ua/ukr/style/krasota-i-moda/pod-plate-fendi-francuzskaya-top-model-sindi-bruna-posetila-fashion-awards-v-londone-v-shlyape-ukrainskogo-diz-50057296.html"
"Ріанна, Джулія Робертс і Емілія Кларк. Найяскравіші образи червоної доріжки церемонії нагородження Fashion Awards 2019","3 грудня 2019, 13:51","https://nv.ua/ukr/style/krasota-i-moda/rianna-dzhuliya-roberts-i-emiliya-klark-samye-yarkie-obrazy-krasnoy-dorozhki-ceremonii-nagrazhdeniya-fashion-awards-50057084.html"
"У вечірній сукні. Вперше за 35 років на обкладинці Cosmopolitan з’явився чоловік","3 грудня 2019, 13:02","https://nv.ua/ukr/style/krasota-i-moda/v-vechernem-plate-vpervye-za-35-let-na-oblozhke-cosmopolitan-poyavilsya-muzhchina-50057082.html"
"Яскравий пуховик і мікросумка. Ключові модні тренди зими 2020","2 грудня 2019, 17:11","https://nv.ua/ukr/style/krasota-i-moda/chernaya-pyatnica-2019-tri-zimnih-trenda-kotorye-mozhno-kupit-po-beshenym-skidkam-50056429.html"
"Чорна п’ятниця 2019. Які знижки і розпродажі чекають на шопоголіків у київських торгових центрах","29 листопада 2019, 09:44","https://nv.ua/ukr/style/lifestyle/chernaya-pyatnica-2019-kakie-skidki-i-rasprodazhi-zhdut-shopogolikov-v-kievskih-torgovyh-centrah-50054971.html"
"Ультрамодний тренд. Lizzo здивувала вибором аксесуара для червоної доріжки AMA 2019","26 листопада 2019, 12:39","https://nv.ua/ukr/style/krasota-i-moda/ultramodnyy-trend-lizzo-udivila-vyborom-aksesuara-dlya-krasnoy-dorozhki-ama-2019-50055721.html"
"Сезон осінь-зима 20<U+2212>21. Стало відомо, коли відбудеться наступна Ukrainian Fashion Week","26 листопада 2019, 11:18","https://nv.ua/ukr/style/krasota-i-moda/sezon-osen-zima-20-21-stalo-izvestno-kogda-proydet-sleduyushchaya-ukrainian-fashion-week-50055701.html"
"Дивись сюди. Українець запустив лінію екоокулярів з кави — стартап відразу ж зібрав необхідні $10 тис. на Kickstarter","22 листопада 2019, 12:17","https://nv.ua/ukr/techno/made-in-ukraine/ukrajinski-okulyari-z-kavi-shcho-za-proyekt-i-de-kupiti-novini-ukrajini-50055092.html"
"Вперше в історії. Трансгендерна представниця корінного населення знялася для обкладинки мексиканського Vogue","22 листопада 2019, 12:00","https://nv.ua/ukr/style/krasota-i-moda/vpervye-v-istorii-transgendernaya-model-snyalas-dlya-oblozhki-meksikanskogo-vogue-50055082.html"
"Тепер офіційно. Бренд Victoria’s Secret скасував щорічне легендарне шоу","22 листопада 2019, 10:23","https://nv.ua/ukr/style/krasota-i-moda/teper-oficialno-brend-victoria-s-secret-oficialno-otmenil-ezhegodnoe-legendarnoe-shou-50055056.html"
"Тіна Кароль, Джамала і Юлія Саніна. 10 яскравих образів зірок з церемонії нагородження найкращих дизайнерів України","20 листопада 2019, 17:41","https://nv.ua/ukr/style/krasota-i-moda/tina-karol-dzhamala-i-yuliya-sanina-desyat-luchshih-naryadov-s-ceremonii-nagrazhdeniya-luchshih-dizaynerov-ukrainy-50054683.html"
"Best Fashion Awards 2019. Названо імена найкращих дизайнерів України","20 листопада 2019, 09:49","https://nv.ua/ukr/style/krasota-i-moda/best-fashion-awards-2019-nazvano-imena-naykrashchih-dizayneriv-ukrajini-50054543.html"
"Для тоддлерів. Біллі Айліш представила колекцію худі, повзунків і шапок біні","19 листопада 2019, 17:11","https://nv.ua/ukr/style/krasota-i-moda/hudi-polzunki-i-shapki-bini-billi-aylish-predstavila-odezhdu-dlya-mladencev-i-detey-50054443.html"
"За мотивами давньогрецького міфу. Йоргос Лантімос випустив арт-книгу для Будинку Gucci","19 листопада 2019, 16:16","https://nv.ua/ukr/style/krasota-i-moda/po-motivam-drevnegrecheskogo-mifa-yorgos-lantimos-vypustil-art-knigu-dlya-doma-gucci-50054424.html"
"Fashion-підсумки 2019. Головні тренди, бренди, ікони стилю і найбажаніші речі року","19 листопада 2019, 16:09","https://nv.ua/ukr/style/krasota-i-moda/fashion-itogi-2019-glavnye-trendy-brendy-ikony-stilya-i-samye-zhelannye-veshchi-goda-50054399.html"
"Ми зробили це першими. McDonald’s потроллив Alexander Wang за клатч, схожий на паперовий пакет","15 листопада 2019, 14:27","https://nv.ua/ukr/style/krasota-i-moda/my-sdelali-eto-pervymi-mcdonald-s-potrollil-alexander-wang-za-klatch-pohozhiy-na-bumazhnyy-paket-50053740.html"
"В обіймах англійського футболіста. Карла Бруні похвалилася нев’янучою красою в рекламі Burberry","14 листопада 2019, 18:35","https://nv.ua/ukr/style/znamenitosti/v-obyatiyah-angliyskogo-futbolista-karla-bruni-pohvastalas-neuvyadayushchey-krasotoy-v-reklame-burberry-50053593.html"
"Для чоловіків і жінок. Принц Чарльз запускає власну модну колекцію","14 листопада 2019, 10:22","https://nv.ua/ukr/style/krasota-i-moda/znaet-tolk-v-trendah-princ-charlz-zapuskaet-sobstvennuyu-modnuyu-kollekciyu-50053438.html"
"Асиметричний боб. Дженніфер Лопес похвалилася новою стрижкою","13 листопада 2019, 10:52","https://nv.ua/ukr/style/znamenitosti/assimetrichnyy-bob-dzhennifer-lopes-pohvastalas-novoy-strizhkoy-50053230.html"
"Скандал. Чому модний дім Stella MacCartney видалив пост з фото Меган Маркл","12 листопада 2019, 18:11","https://nv.ua/ukr/style/krasota-i-moda/skandal-pochemu-modnyy-doma-stella-maccartney-udalil-post-s-foto-megan-markl-50053127.html"
"«Це дружина президента-коміка»? В американській фешн-спільноті розкритикували обкладинку Vogue з Оленою Зеленською","12 листопада 2019, 16:30","https://nv.ua/ukr/style/krasota-i-moda/ne-mesto-dlya-politikov-chto-govoryat-ob-oblozhke-vogue-s-elenoy-zelenskoy-v-profilnom-feshn-forume-50053079.html"
"Свята на круїзному лайнері. Gucci представив яскраву різдвяну кампанію","12 листопада 2019, 10:40","https://nv.ua/ukr/style/krasota-i-moda/prazdniki-na-kruiznom-laynere-gucci-predstavil-yarkuyu-rozhdestvenskuyu-kampaniyu-50052972.html"
"Арт-завод Платформа і Велика Житомирська. Puma зняла рекламу нової колекції в Києві","12 листопада 2019, 09:03","https://nv.ua/ukr/style/lifestyle/platforma-i-bolshaya-zhitomirskaya-puma-snyala-reklamu-novoy-kollekcii-v-kieve-50052961.html"
"Met Gala 2020. Оголошена тема наступної виставки Інституту костюма","8 листопада 2019, 10:25","https://nv.ua/ukr/style/krasota-i-moda/met-gala-2020-obyalena-tema-vystavki-institut-kostyuma-50052342.html"
"Час мистецтва","7 листопада 2019, 16:37","https://nv.ua/ukr/style/krasota-i-moda/vremya-iskusstva-50047891.html"
"Утеплюємось. Чотири наймодніших светри сезону","6 листопада 2019, 18:08","https://nv.ua/ukr/style/krasota-i-moda/uteplyaemsya-chetyre-samyh-modnyh-svitera-sezona-50051966.html"
"$77 тис. Створено найдорожчий в світі пояс","6 листопада 2019, 14:27","https://nv.ua/ukr/style/krasota-i-moda/77-tys-sozdan-samyy-dorogoy-v-mire-poyas-50051932.html"
"Назвуть найкращих дизайнерів. Стали відомі номінанти української премії в сфері моди Best Fashion Awards 2019","4 листопада 2019, 14:13","https://nv.ua/ukr/style/krasota-i-moda/otmetyat-uspehi-dizaynerov-stali-izvestny-nominanty-ukrainskoy-premii-v-sfere-mody-best-fashion-awards-2019-50051468.html"
"У будуарному стилі. Відомий український дизайнер створив сексуальні костюми для балету The Great Gatsby","2 листопада 2019, 11:00","https://nv.ua/ukr/style/kultura/v-buduarnom-stile-izvestnyy-ukrainskiy-dizayner-sozdal-seksualnye-kostyumy-dlya-baleta-the-great-gatsby-ballet-50050217.html"
"Намалював у Paint? У Мережі висміяли новий мерч Каньє Уеста","1 листопада 2019, 16:31","https://nv.ua/ukr/style/krasota-i-moda/narisoval-v-paint-v-seti-vysmeyali-novyy-merch-kane-uesta-50051115.html"
"Ні - натуральному хутру. В Україні вперше нагородять найбільш етичного модельєра","1 листопада 2019, 15:05","https://nv.ua/ukr/style/krasota-i-moda/best-fashion-awards-v-ukrajini-vpershe-nagorodyat-naybilsh-etichnogo-modelyera-50051094.html"
"До Хелловіну. Undercover представив персні з очима","30 жовтня 2019, 16:57","https://nv.ua/ukr/style/krasota-i-moda/k-hellouinu-undercover-predstavil-perstni-s-glazami-50050692.html"
"Найменші в колекції. Louis Vuitton представив трендові мікро сумки","30 жовтня 2019, 16:22","https://nv.ua/ukr/style/krasota-i-moda/novyy-trend-louis-vuitton-predstavil-mikro-sumki-50050676.html"
"Що таке любов? Карла Бруні знялася у святковій рекламі Burberry","30 жовтня 2019, 15:24","https://nv.ua/ukr/style/znamenitosti/chto-takoe-lyubov-karla-bruni-snyalas-v-prazdnichnoy-reklame-burberry-50050666.html"
"Чарівність свята. Лілі-Роуз Депп знялася в новорічному мініфільмі Chanel","29 жовтня 2019, 13:33","https://nv.ua/ukr/style/znamenitosti/atmosfera-volshebstva-lili-rouz-depp-snyalas-v-novogodnem-mini-filme-chanel-50050412.html"
"Кардістрі в ролі моделі. Головні осінні тренди манікюру показали в яскравій фотосесії","26 жовтня 2019, 14:45","https://nv.ua/ukr/style/krasota-i-moda/kardistri-v-roli-modeli-luchshie-osennie-trendy-manikyura-pokazali-v-yarkoy-fotosessii-50049989.html"
"Денний і вечірній образи. Автор вбрання Олени Зеленської в Японії розповів, чому обрав такі крій і кольори","23 жовтня 2019, 10:55","https://nv.ua/ukr/style/krasota-i-moda/denniy-i-vechirniy-obrazi-avtor-vbrannya-oleni-zelenskoji-v-yaponiji-rozpoviv-chomu-obrav-taki-kriy-i-kolori-50049333.html"
"Dolce & Gabbana зможе прикрасити вашу Sicily bag унікальними візерунками","22 жовтня 2019, 16:56","https://nv.ua/ukr/style/krasota-i-moda/dolce-gabbana-smozhet-ukrasit-vashu-sicily-bag-unikalnymi-uzorami-50049206.html"
"У новій фотосесії. Кендалл Дженнер показала найстильніші куртки сезону","21 жовтня 2019, 11:18","https://nv.ua/ukr/style/krasota-i-moda/v-novoy-fotosessii-kendall-dzhenner-pokazala-samye-stilnye-kurtki-sezona-50048916.html"
"Дівчина-донат або єдиноріг. Instagram-ідеї макіяжу на Хеллоуїн без асоціацій з жахами","17 жовтня 2019, 15:25","https://nv.ua/ukr/style/krasota-i-moda/divchina-z-kosmosu-i-herojinja-komiksu-10-idej-makijazhu-na-khelloujin-dlja-tikh-khto-nenavidit-khorror-2503931.html"
"Задає тренд. Вікторія Бекхем показала, як правильно носити светри пастельних відтінків восени","16 жовтня 2019, 17:07","https://nv.ua/ukr/style/krasota-i-moda/zadaet-trend-viktoriya-bekhem-pokazala-kak-pravilno-nosit-svitera-pastelnyh-cvetoy-etoy-osenyu-50048157.html"
"З Карою Делевінь. Puma і Balmain випустять спільну унісекс-колекцію","15 жовтня 2019, 17:28","https://nv.ua/ukr/style/krasota-i-moda/s-karoy-delevin-puma-i-balmain-vypustyat-sovmestnuyu-uniseks-kollekciyu-50047933.html"
"Від запонок до ложок. Tiffany&Co представила першу в історії бренду чоловічу колекцію","15 жовтня 2019, 15:26","https://nv.ua/ukr/style/krasota-i-moda/ot-zaponok-do-lozhek-tiffany-predstavil-pervuyu-v-istorii-brenda-muzhskuyu-kollekciyu-50047895.html"
"Зміна правил. Кайя Гербер знялася для Vogue і розповіла про маму Сінді Кроуфорд і світ моделей в епоху MeToo","15 жовтня 2019, 15:20","https://nv.ua/ukr/style/znamenitosti/svoimi-slovami-kayya-gerber-snyalas-dlya-vogue-i-rasskazala-o-mame-sindi-krouford-i-mire-modeley-v-epohu-metoo-50047896.html"
"Взяла приклад з принцеси Діани. Кейт Міддлтон обрала вбрання в стилі традиційного жіночого костюма Південної Азії","15 жовтня 2019, 11:05","https://nv.ua/ukr/style/krasota-i-moda/vzyala-primer-s-princessy-diany-keyt-middlton-voshitila-vyborom-naryada-v-stile-tradicionnogo-kostyuma-zhenshchin-yuzh-50047816.html"
"Коротше. Визначена найстильніша стрижка сезону","13 жовтня 2019, 15:22","https://nv.ua/ukr/style/krasota-i-moda/koroche-opredelena-samaya-stilnaya-strizhka-sezona-50047663.html"
"Розпродали всю партію. Корейська компанія випустила кросівки зі святою водою","10 жовтня 2019, 19:00","https://nv.ua/ukr/style/krasota-i-moda/rasprodali-vsyu-partiyu-koreyskaya-kompaniya-vypustila-krossovki-so-svyatoy-vodoy-50047317.html"
"У тренді. Три наймодніші моделі джинсів осені і зими 2019","8 жовтня 2019, 13:31","https://nv.ua/ukr/style/krasota-i-moda/v-trende-tri-samye-modnye-modeli-dzhinsov-oseni-i-zimy-2019-50046816.html"
"Як з червоної доріжки amfAR. Giambattista Valli і H&M випустили спільну колекцію","8 жовтня 2019, 12:43","https://nv.ua/ukr/style/krasota-i-moda/kak-s-krasnoy-dorozhki-amfar-giambattista-valli-i-h-m-vypustili-sovmestnuyu-kollekciyu-50046842.html"
"У тренді. Леді Гага здивувала шанувальників рожевим кольором волосся","7 жовтня 2019, 16:46","https://nv.ua/ukr/style/krasota-i-moda/platina-s-rozovym-ottenkom-ledi-gaga-udivila-poklonnikov-novym-cvetom-volos-50046705.html"
"Просто і зі смаком. Стало відомо, скільки витратила Меган Маркл на наряди для візиту до Південної Африки","4 жовтня 2019, 18:51","https://nv.ua/ukr/style/krasota-i-moda/prosto-i-nedorogo-stalo-izvestno-skolko-potratila-megan-markl-na-naryady-dlya-vizita-v-yuzhnuyu-afriku-50046363.html"
"В Парижі. Бельгійський модельєр одягла знамениті асиметричні джинси українського дизайнера чорного кольору","4 жовтня 2019, 14:56","https://nv.ua/ukr/style/krasota-i-moda/v-parizhe-belgiyskiy-dizayner-obuvi-nadela-znamenitye-asimmetrichnye-dzhinsy-ukrainskogo-dizaynera-chernogo-cvet-50046325.html"
"Квітковий настрій. Ангел Victoria’s Secret вбралася у кепку українського дизайнера","4 жовтня 2019, 13:28","https://nv.ua/ukr/style/krasota-i-moda/cvetochnoe-nastroenie-angel-victoria-s-secret-odela-kepku-ukrainskogo-dizaynera-50046297.html"
"Total black. Названо найбільш трендовий відтінок в паризькій вуличній моді","3 жовтня 2019, 18:11","https://nv.ua/ukr/style/krasota-i-moda/total-black-nazvan-samyy-trendovyy-ottenok-v-parizhskoy-ulichnoy-mode-50046175.html"
"Легендарно. Іггі Поп знявся в рекламній кампанії Gucci","3 жовтня 2019, 16:01","https://nv.ua/ukr/style/krasota-i-moda/legendarno-iggi-pop-snyalsya-v-reklamnoy-kampanii-gucci-50046137.html"
"На даху. Chanel представив першу колекцію без Карла Лагерфельда","2 жовтня 2019, 16:11","https://nv.ua/ukr/style/krasota-i-moda/na-parizhskih-kryshah-chanel-predstavil-pervuyu-kollekciyu-bez-karla-lagerfelda-50045931.html"
"Без емоцій. Джіджі Хадід cпровадила зі сцени пранкерку під час показу Chanel","1 жовтня 2019, 15:16","https://nv.ua/ukr/style/krasota-i-moda/bez-emociy-dzhidzhi-hadid-vyprovodila-so-sceny-prankera-vo-vremya-pokaza-chanel-50045693.html"
"Ювелірна робота. Манікюр з прикрасами з перлів і золота став новим трендом","1 жовтня 2019, 13:52","https://nv.ua/ukr/style/krasota-i-moda/yuvelirnaya-rabota-manikyur-s-ukrasheniyami-iz-zhemchuga-i-zolota-stal-novym-trendom-50045669.html"
"Названо 500 найвпливовіших людей в світі моди","1 жовтня 2019, 12:55","https://nv.ua/ukr/style/krasota-i-moda/nazvany-500-samyh-vliyatelnyh-lyudey-v-mire-mody-50045656.html"
"Підсумки Тижня моди. Кращі street style образи на вулицях Парижа","30 вересня 2019, 20:34","https://nv.ua/ukr/style/krasota-i-moda/itogi-nedeli-mody-luchshie-street-style-obrazy-na-ulicah-parizha-50045555.html"
"Під вірші Жадана та Іздрика. Українська дизайнерка Лілія Літковська показала колекцію в Парижі","30 вересня 2019, 17:47","https://nv.ua/ukr/style/krasota-i-moda/pod-stihi-zhadana-i-izdrika-ukrainskiy-dizayner-liliya-litkovskaya-pokazala-kollekciyu-v-parizhe-50045519.html"
"В золотій упаковці. Saint Laurent буде випускати презервативи","30 вересня 2019, 13:34","https://nv.ua/ukr/style/krasota-i-moda/v-zolotoy-upakovke-saint-laurent-budet-vypuskat-prezervativy-50045457.html"
"Разом із Ембер Херд і Хелен Міррен. Український дизайнер вийшла на подіум у Парижі","30 вересня 2019, 11:00","https://nv.ua/ukr/style/krasota-i-moda/vmeste-s-ember-herd-i-helen-mirren-ukrainskiy-dizayner-vyshla-na-podium-v-parizhe-50045410.html"
"Нічого зайвого. Мікро-сумки визнані головним трендом осені","26 вересня 2019, 18:36","https://nv.ua/ukr/style/krasota-i-moda/nichego-lishnego-mikro-sumki-priznany-glavnym-trendom-oseni-50044970.html"
"Міллі Боббі Браун. Зірка серіалу Дуже дивні справи знялася в рекламі Pandora","26 вересня 2019, 11:41","https://nv.ua/ukr/style/krasota-i-moda/milli-bobbi-braun-zvezda-seriala-ochen-strannye-dela-snyalas-v-reklame-pandora-50044858.html"
"Модніше нікуди. Визначено найпопулярніший бренд кросівок 2019 року","25 вересня 2019, 17:41","https://nv.ua/ukr/style/krasota-i-moda/modnee-nekuda-opredelen-samyy-populyarnyy-brend-krossovok-2019-goda-50044746.html"
"До 25-річчя Друзів. Ralph Lauren випустив колекцію, присвячену популярному серіалу","19 вересня 2019, 14:55","https://nv.ua/ukr/style/krasota-i-moda/k-25-letiyu-druzey-ralph-lauren-vypustil-kollekciyu-posvyashchennuyu-populyarnomu-serialu-50043664.html"
"По-перше, це красиво. Світові hair-стилісти визначили головний тренд для волосся","17 вересня 2019, 17:21","https://nv.ua/ukr/style/krasota-i-moda/vo-pervyh-eto-krasivo-mirovye-hair-stilisty-opredelili-glavnyy-osenniy-trend-dlya-volos-50043277.html"
"Стала блондинкою. Кендалл Дженнер стала головною зіркою показу Burberry в Лондоні","17 вересня 2019, 13:46","https://nv.ua/ukr/style/krasota-i-moda/stala-blondinkoy-kendall-dzhenner-stala-glavnoy-zvezdoy-pokaza-burberry-v-londone-50043208.html"
"З демократичними цінами. Вікторія Бекхем запускає власний косметичний бренд","12 вересня 2019, 16:16","https://nv.ua/ukr/style/krasota-i-moda/s-demokratichnymi-cenami-viktoriya-bekhem-zapuskaet-sobstvennyy-kosmeticheskiy-brend-50042408.html"
"Новий сезон в ЦУМ","12 вересня 2019, 15:32","https://nv.ua/ukr/style/krasota-i-moda/novyy-sezon-v-cum-50042128.html"
"Street-style. Ірина Шейк і Єва Чен з’явилися на Нью-йоркському тижні моди в нарядах українського дизайнера","12 вересня 2019, 12:04","https://nv.ua/ukr/style/krasota-i-moda/street-style-irina-sheyk-i-eva-chen-zamecheny-na-new-york-fashion-week-v-naryadah-ukrainskogo-dizaynera-50042337.html"
"Моделі plus-size і модні бабусі. Шість нестандартних моделей, які підкорили подіум на Нью-йоркському Тижні моди","11 вересня 2019, 19:43","https://nv.ua/ukr/style/krasota-i-moda/modeli-plus-size-i-modnye-babushki-shest-nestandartnyh-modeley-pokorivshih-podium-na-nyu-yorkskoy-nedele-mody-50042251.html"
"Розмір Траволти. Американський телеведучий Джиммі Феллон пожартував про джинси українського дизайнера","11 вересня 2019, 15:36","https://nv.ua/ukr/style/krasota-i-moda/travolte-podoydet-amerikanskiy-televedushchiy-dzhimmi-fellon-poshutil-o-dzhinsah-ukrainskogo-dizaynera-50042170.html"
"Кольори українського прапора. Pantone назвав трендові відтінки весни і літа 2020 року","11 вересня 2019, 13:57","https://nv.ua/ukr/style/krasota-i-moda/ot-ognennogo-alogo-do-vinogradnogo-kompota-pantone-nazval-trendovye-ottenki-vesny-i-leta-2020-goda-50042136.html"
"Ретро-денім, оверсайз-піджак і tie dye. Кращі street-style образи з Нью-йоркського тижня моди","10 вересня 2019, 14:35","https://nv.ua/ukr/style/krasota-i-moda/retro-denim-oversayz-pidzhak-i-tie-dye-luchshie-street-style-obrazy-s-nyu-yorkskoy-nedeli-mody-50041942.html"
"Не завада. Вагітна plus-size модель Ешлі Грехем вийшла на подіум Нью-Йоркського тижня моди","9 вересня 2019, 19:33","https://nv.ua/ukr/style/krasota-i-moda/ne-pomeha-beremennaya-plus-size-model-eshli-grehem-vyshla-na-podium-nyu-yorkskoy-nedeli-mody-50041808.html"
"В шльопанцях на підборах. Белла Хадід з’явилася на New York Fashion Week у взутті українського дизайнера","9 вересня 2019, 19:28","https://nv.ua/ukr/style/krasota-i-moda/v-shlepancah-na-kabluke-bella-hadid-poyavilas-na-new-york-fashion-week-v-obuvi-ukrainskogo-dizaynera-50041804.html"
"Секс, метелики і Золота голубка. Сім найкращих показів Ukrainian Fashion Week весна-літо '2020","9 вересня 2019, 18:26","https://nv.ua/ukr/style/krasota-i-moda/seks-babochki-i-zolotaya-golubka-sem-luchshih-pokazov-ukrainian-fashion-week-vesna-leto-2020-50041760.html"
"Записуйте. П’ять звичок, які об'єднують нестаріючих знаменитих жінок","9 вересня 2019, 17:00","https://nv.ua/ukr/style/krasota-i-moda/zapisujte-pjat-zvichok-jaki-objednujut-nestarijuchikh-znamenitikh-zhinok-2474259.html"
"Витоки haute couture. Лондонська виставка, присвячена Christian Dior, встановила рекорд відвідуваності","9 вересня 2019, 16:14","https://nv.ua/ukr/style/krasota-i-moda/naslednie-pionera-haute-couture-londonskaya-vystavka-posvyashchennaya-christian-dior-ustanovila-rekord-poseshchaemos-50041743.html"
"Total-look. Мати Ілона Маска обрала одяг українських дизайнерів для червоної доріжки New York Fashion Week","6 вересня 2019, 18:02","https://nv.ua/ukr/style/krasota-i-moda/total-luk-mat-ilona-maska-vybrala-odezhdu-ukrainskih-dizaynerov-dlya-krasnoy-dorozhki-new-york-fashion-week-50041362.html"
"Хіт Instagram. Тату-браслети стали новим модним трендом","6 вересня 2019, 17:23","https://nv.ua/ukr/style/krasota-i-moda/hit-instagram-tatu-braslety-stali-novym-modnym-trendom-50041344.html"
"Київський OSTRIV концептуального одягу: кращі осінні моделі","6 вересня 2019, 16:00","https://nv.ua/ukr/style/krasota-i-moda/kijivskiy-ostriv-konceptualnogo-odyagu-krashchi-osinni-modeli-50041309.html"
"Гаряче. Українська модель знялася з Кріштіану Роналду в рекламі його бренду","3 вересня 2019, 16:09","https://nv.ua/ukr/style/krasota-i-moda/goryacho-ukrainskaya-model-snyalas-v-reklame-brenda-krishtianu-ronaldu-50040666.html"
"Буде яскраво. Три наймодніших кольори сезону осінь 2019","3 вересня 2019, 15:15","https://nv.ua/ukr/style/krasota-i-moda/budet-yarko-tri-samyh-modnyh-cveta-sezona-osen-2019-50040653.html"
"Загроза для fashion-індустрії. Британська модна рада підрахувала, у скільки дизайнерам обійдеться жорсткий Brexit","3 вересня 2019, 13:14","https://nv.ua/ukr/style/krasota-i-moda/ugroza-dlya-fashion-industrii-britanskiy-modnyy-sovet-podschital-vo-skolko-oboydetsya-zhestkiy-brexit-50040625.html"
"Класична оправа і дзеркальні лінзи. Chanel показав, які окуляри будуть в тренді цієї зими","3 вересня 2019, 12:03","https://nv.ua/ukr/style/krasota-i-moda/cherepashya-oprava-i-zerkalnye-linzy-chanel-pokazal-kakie-ochki-budut-v-trende-etoy-zimoy-50040612.html"
"Вестерн і вінтаж. П’ять головних трендів осені 2019, про які варто знати","1 вересня 2019, 08:55","https://nv.ua/ukr/style/krasota-i-moda/vestern-i-vintazh-pyat-glavnyh-trendov-oseni-2019-o-kotoryh-stoit-znat-50039565.html"
"Для молодих дизайнерів. Засновано премію імені Карла Лагерфельда","29 серпня 2019, 15:15","https://nv.ua/ukr/style/krasota-i-moda/dlya-molodyh-dizaynerov-uchrezhdena-premiya-imeni-karla-lagerfelda-50039839.html"
"Аромат сяючої жінки. Марго Роббі вразила красою в рекламі Chanel — відео","27 серпня 2019, 14:56","https://nv.ua/ukr/style/znamenitosti/margo-robbi-blisnula-krasoyu-v-reklami-chanel-foto-50032548.html"
"Літо в Парижі. Супермодель Ізабель Гулар одягла капелюх українського дизайнера","27 серпня 2019, 14:54","https://nv.ua/ukr/style/krasota-i-moda/leto-v-parizhe-supermodel-izabel-gular-nadela-shlyapu-ukrainskogo-dizaynera-50039397.html"
"Казкова краса. Остання колекція Лагерфельда в новому кампейні від Chanel","23 серпня 2019, 14:42","https://nv.ua/ukr/style/krasota-i-moda/chanel-nova-kolekciya-trib-yut-karlu-lagerfeldu-v-novomu-kampeyni-foto-50038958.html"
"Назвала в честь бабусі і собаки. Зірка серіалу Велика маленька брехня створила колекцію помад для YSL","22 серпня 2019, 16:35","https://nv.ua/ukr/style/krasota-i-moda/zoji-kravic-stvorila-kolekciyu-pomad-dlya-ysl-foto-50038796.html"
"Осінь на пляжі. Джіджі Хадід і Ірина Шейк в рекламі нової колекції Burberry","22 серпня 2019, 12:55","https://nv.ua/ukr/style/krasota-i-moda/dzhidzhi-hadid-i-irina-sheyk-v-reklami-novoji-kolekciji-burberry-foto-50038734.html"
"Арт-стікери і дабл-дотси. Три тренда в манікюрі, які будуть актуальні восени","21 серпня 2019, 15:52","https://nv.ua/ukr/style/krasota-i-moda/modniy-manikyur-2019-tri-trenda-yaki-budut-aktualni-voseni-foto-50038572.html"
"Її час керувати світом. Adidas і Фаррелл Вільямс випустили колекцію, присвячену правам жінок","21 серпня 2019, 14:40","https://nv.ua/ukr/style/krasota-i-moda/adidas-i-farrell-vilyams-kolekciya-prava-zhinok-50038557.html"
"Тренд 2009 року. Експерти назвали наймоднішу сумку осені 2019","21 серпня 2019, 12:25","https://nv.ua/ukr/style/krasota-i-moda/modna-sumka-osin-2019-ob-yemniy-klatch-foto-50038539.html"
"Бджолина отрута та олія чайного дерева. Як жінки з королівської сім'ї доглядають за шкірою","20 серпня 2019, 17:14","https://nv.ua/ukr/style/krasota-i-moda/bdzholina-otruta-i-maslo-chajnoho-dereva-jak-zhinki-z-korolivskoji-simji-dohljadajut-za-shkiroju-2472613.html"
"Фіолетово. Нове трендове фарбування волосся захопило Instagram","20 серпня 2019, 00:35","https://nv.ua/ukr/style/krasota-i-moda/lilove-volossya-noviy-trend-50038176.html"
"Гардероб канцлера. ЗМІ порахували, скільки разів Ангела Меркель з’явилася на публіці в блузі-кімоно, купленій 23 роки тому","19 серпня 2019, 15:11","https://nv.ua/ukr/style/krasota-i-moda/angela-merkel-stil-kanclera-nimechchini-foto-50038186.html"
"З пластикових пляшок. Представлені кросівки, надруковані на 3D-принтері","15 серпня 2019, 13:56","https://nv.ua/ukr/style/krasota-i-moda/krosivki-z-plastikovih-plyashok-nadrukovani-na-3d-printeri-50037635.html"
"Геніальний кутюр'є і 45 шоу. Ukrainian Fashion Week оголосила програму показів весна-літо ‘2020","14 серпня 2019, 17:07","https://nv.ua/ukr/style/krasota-i-moda/ukrainian-fashion-week-vesna-lito-2020-programa-50037503.html"
"Вдома в білизні. 49-річна Наомі Кембелл показала ідеальну фігуру в рекламі Calvin Klein","14 серпня 2019, 14:53","https://nv.ua/ukr/style/krasota-i-moda/naomi-kempbell-v-nizhniy-bilizni-v-reklami-calvin-klein-video-50037440.html"
"Виріс? Не біда! Nike запустила підписку на дитячі кросівки","13 серпня 2019, 10:48","https://nv.ua/ukr/style/krasota-i-moda/nike-zapustiv-pidpisku-na-dityachi-krosivki-50037211.html"
"Смарагдовий їй до лиця. Демі Мур одягла вишиванку українського дизайнера","12 серпня 2019, 20:21","https://nv.ua/ukr/style/krasota-i-moda/demi-mur-vishivanka-ukrajinskogo-dizaynera-foto-50037160.html"
"Дуже яскраво. Nike випустив колекцію, присвячену мультфільму Губка Боб квадратні штани","12 серпня 2019, 12:57","https://nv.ua/ukr/style/krasota-i-moda/nike-gubka-bob-kolekciya-krosivok-50037058.html"
"Ще один crazy-тренд. Нігті у формі помади підірвали Instagram","8 серпня 2019, 16:30","https://nv.ua/ukr/style/krasota-i-moda/modna-forma-nigtiv-2019-nigti-u-formi-pomadi-pidirvali-instagram-foto-50036536.html"
"Поцілунок сонця. Фарбування волосся «золотий час» стало новим hair-трендом","6 серпня 2019, 17:39","https://nv.ua/ukr/style/krasota-i-moda/modniy-kolir-volossya-2019-farbuvannya-zolotiy-chas-stalo-novim-hair-trendom-foto-50036115.html"
"Міс Америка. Хейлі Бібер продемонструвала осінні тренди в зйомці для W Magazine","6 серпня 2019, 17:04","https://nv.ua/ukr/style/krasota-i-moda/heyli-bolduin-biber-w-magazine-foto-50036108.html"
"На побачення з чоловіком. Кетрін Зета-Джонс одягла вишиванку українського дизайнера","6 серпня 2019, 15:32","https://nv.ua/ukr/style/znamenitosti/ketrin-zeta-dzhons-v-ukrajinskiy-vishivanci-50036072.html"
"Літній тренд. Фруктовий манікюр підкорив Instagram","6 серпня 2019, 12:58","https://nv.ua/ukr/style/krasota-i-moda/manikyur-z-yaskravim-fruktovim-printom-pidkoriv-instagram-foto-50036039.html"
"На шовкових простирадлах. Анджеліна Джолі знялася напівоголеною в рекламі Guerlain","5 серпня 2019, 16:17","https://nv.ua/ukr/style/krasota-i-moda/andzhelina-dzholi-znyalasya-napivogolenoyu-v-reklami-guerlain-video-50035877.html"
"Як Убити Білла. Американський бренд представив колекцію шкарпеток за мотивами фільмів Квентіна Тарантіно","5 серпня 2019, 14:35","https://nv.ua/ukr/style/krasota-i-moda/kventin-tarantino-shkarpetki-za-motivami-filmiv-50035845.html"
"Victoria’s Secret вперше найняв модель-трансгендера","5 серпня 2019, 12:17","https://nv.ua/ukr/style/krasota-i-moda/victoria-s-secret-naynyav-model-transgendera-50035812.html"
"Сумки, панама і кросівки. Названі найвпливовіші фешн-бренди і найбільш популярні покупки","2 серпня 2019, 13:45","https://nv.ua/ukr/style/krasota-i-moda/nayvplivovishi-feshn-brendi-populyarni-pokupki-drugogo-kvartalu-2019-roku-50035447.html"
"Як у Джіджі Хадід і Кендалл Дженнер. Манікюр з соняшниками і маргаритками став головним трендом останнього місяця літа","2 серпня 2019, 13:16","https://nv.ua/ukr/style/krasota-i-moda/modniy-manikyur-2019-v-industriji-nail-artu-z-yavivsya-noviy-floristichniy-trend-foto-ideji-50035460.html"
"Вперше за 23 роки. Модель Victoria’s Secret підтвердила скасування щорічного фешн-шоу","1 серпня 2019, 11:48","https://nv.ua/ukr/style/krasota-i-moda/victoria-s-secret-fashion-show-2019-ne-vidbudetsya-50035235.html"
"Сережки-мідії. Джіджі Хадід з’явилася в прикрасах українського дизайнера","1 серпня 2019, 11:08","https://nv.ua/ukr/style/krasota-i-moda/dzhidzhi-hadid-na-plyazhi-odyag-ukrajinskogo-dizaynera-foto-50035221.html"
"Привіт з 90-х. Які джинси будуть в тренді в найближчому сезоні","29 липня 2019, 21:22","https://nv.ua/ukr/style/krasota-i-moda/yaki-dzhinsi-budut-v-trendi-voseni-50034677.html"
"Very Ralph. HBO зніме документальний фільм про дизайнера Ральфа Лорена","26 липня 2019, 10:51","https://nv.ua/ukr/style/krasota-i-moda/hbo-znime-dokumentalniy-film-pro-dizaynera-ralfa-loreni-50034212.html"
"Французький дім моди Sonia Rykiel ліквідують","26 липня 2019, 10:28","https://nv.ua/ukr/biz/markets/vidomiy-francuzkiy-dim-modi-likviduyut-50034205.html"
"Пляжний тренд. Зірки показали, як носити наймодніший купальник літа","25 липня 2019, 11:38","https://nv.ua/ukr/style/krasota-i-moda/modniy-kupalnik-lito-2019-zirki-pokazali-yak-nositi-tie-dye-foto-50034021.html"
"Рок-н-ролл. Versace представив рекламу з Кайею Гербер і Донателлою Версаче в ролі барабанщиці","24 липня 2019, 18:18","https://nv.ua/ukr/style/krasota-i-moda/versace-predstaviv-reklamu-z-kayeyu-gerber-i-donatelloyu-versache-v-roli-barabanshchici-foto-video-50033930.html"
"В дуеті з бікіні. Екс-Міс Всесвіт продемонструвала найсексуальніше взуття літа","23 липня 2019, 18:02","https://nv.ua/ukr/style/krasota-i-moda/nayseksualnishe-vzuttya-lita-eks-mis-vsesvit-pokazala-yak-nositi-bosonizhki-z-bikini-foto-50033725.html"
"Образ із Парижа. У чому голосувала на парламентських виборах Олена Зеленська","22 липня 2019, 13:00","https://nv.ua/ukr/style/krasota-i-moda/olena-zelenska-na-viborah-v-radu-50033427.html"
"Закриття Одеського кінофестивалю. 10 кращих образів з червоної доріжки ОМКФ 2019","22 липня 2019, 12:10","https://nv.ua/ukr/style/krasota-i-moda/zakrittya-odeskogo-kinofestivalyu-10-krashchih-naryadiv-z-chervonoji-dorizhki-50033400.html"
"Ромашка. П’ять переваг для красивої шкіри","21 липня 2019, 04:00","https://nv.ua/ukr/style/krasota-i-moda/romashka-korist-5-perevag-romashki-likarskoji-dlya-shkiri-50033038.html"
"Ідеї від інфлюенсерів. П’ять найстильніших зіркових зачісок цього літа","19 липня 2019, 17:53","https://nv.ua/ukr/style/krasota-i-moda/modni-zachiski-2019-naystilnishi-ideji-cogo-lita-foto-50033036.html"
"Ніколи не вийде з моди. Експерти назвали дизайнерську сумку, в яку варто інвестувати","19 липня 2019, 17:04","https://nv.ua/ukr/style/krasota-i-moda/eksperti-nazvali-dizaynersku-sumku-v-yaku-varto-investuvati-foto-50033021.html"
"В брючному костюмі і шкіряній сукні. Кейт Мосс показала тренди осені 2019 в рекламі Alexander McQueen","19 липня 2019, 12:00","https://nv.ua/ukr/style/krasota-i-moda/keyt-moss-pokazala-trendi-oseni-2019-v-reklami-alexander-mcqueen-foto-50032955.html"
"#Arivenchу. Givenchy розкритикували за рекламні кадри з Аріаною Гранде","18 липня 2019, 14:47","https://nv.ua/ukr/style/krasota-i-moda/ariana-grande-dlya-givenchy-fani-rozkritikuvali-brend-foto-50032788.html"
"З Кореї з любов’ю. Три нових тренда в манікюрі, які підкорили Instagram","17 липня 2019, 19:43","https://nv.ua/ukr/style/krasota-i-moda/manikyur-2019-tri-koreyskih-trenda-foto-50032648.html"
"Нюдова краса. «Голе» бікіні стало головним трендом літа 2019","11 липня 2019, 19:42","https://nv.ua/ukr/style/krasota-i-moda/modniy-kupalnik-lita-2019-nude-bikini-stalo-golovnim-trendom-sezonu-50031637.html"
"Бійки, зради і трошки моди. Ірина Шейк і Джіджі Хадід в рекламі Moschino в стилі мильної опери","10 липня 2019, 15:13","https://nv.ua/ukr/style/krasota-i-moda/dzhidzhi-hadid-i-irina-sheyk-v-reklami-moschino-v-stili-milnoji-operi-foto-video-50031395.html"
"Я ніколи не вважала себе красивою. Леді Гага запустила власну б’юті-лінійку","10 липня 2019, 15:01","https://nv.ua/ukr/style/krasota-i-moda/ledi-gaga-nova-b-yuti-liniya-dlya-meyk-apu-50031392.html"
"Ходіть в брудному. Стелла Маккартні порекомендувала відмовитися від прання одягу","9 липня 2019, 17:35","https://nv.ua/ukr/style/lifestyle/stella-makkartni-porekomenduvala-vidmovitisya-vid-prannya-odyagu-50031229.html"
"Майбутнє моди. Став відомий переможець другого Міжнародного конкурсу молодих дизайнерів","9 липня 2019, 16:16","https://nv.ua/ukr/style/krasota-i-moda/international-young-designers-contest-2019-peremozhec-50031193.html"
"О, боги! Dolce&Gabbana показали три колекції на вражаючих шоу в Долині храмів на Сицилії","8 липня 2019, 18:52","https://nv.ua/ukr/style/krasota-i-moda/dolce-gabbana-shou-na-siciliji-50031029.html"
"Вишенька на торті. Експерти назвали наймодніший колір волосся цього літа","5 липня 2019, 16:56","https://nv.ua/ukr/style/krasota-i-moda/modniy-kolir-volossya-lita-2019-vishneviy-blond-foto-50030623.html"
"Футуристичні сукні, яскраві принти і ефектні капелюшки. Кращі street-style образи з Тижня високої моди в Парижі","5 липня 2019, 15:45","https://nv.ua/ukr/style/krasota-i-moda/tizhden-modi-v-parizhi-krashchi-street-style-obrazi-foto-50030601.html"
"На паризькому тижні моди. 75-річна Лорен Хаттон впала на показі Valentino","5 липня 2019, 15:01","https://nv.ua/ukr/style/krasota-i-moda/loren-hatton-vpala-na-pokazi-valentino-foto-video-50030596.html"
"Наші в Парижі. Українська топ-модель взяла участь у показі Giorgio Armani Prive","3 липня 2019, 17:59","https://nv.ua/ukr/style/krasota-i-moda/ukrajinska-top-model-v-parizhi-irina-kravchenko-v-pokazi-giorgio-armani-prive-50030182.html"
"Висока мода. Український дизайнер представив колекцію капелюшків haute couture в Парижі","3 липня 2019, 16:22","https://nv.ua/ukr/style/krasota-i-moda/ruslan-baginskiy-dizayner-z-ukrajini-predstaviv-kolekciyu-golovnih-uboriv-v-parizhi-50030147.html"
"Геометрія та прозорість. П’ять пар босоніжок, без яких ви не зможете обійтися влітку 2019","2 липня 2019, 09:36","https://nv.ua/ukr/style/krasota-i-moda/leto-2019-pyat-par-bosonozhek-bez-kotoryh-vy-ne-smozhete-oboytis-50015420.html"
"Фламінго, арт-принт і соковиті тропічні візерунки. П’ять трендів в літньому манікюрі, про які варто знати","1 липня 2019, 17:19","https://nv.ua/ukr/style/krasota-i-moda/modniy-manikyur-lito-2019-p-yat-golovnih-trendiv-foto-ideji-50029426.html"
"У Митрополичих Садах. Оксана Караванська представила нову колекцію в унікальній локації","1 липня 2019, 13:19","https://nv.ua/ukr/style/krasota-i-moda/oksana-karavanska-pokaz-na-leopolis-jazz-fest-50029656.html"
"Українці очолили рейтинг найсексуальніших націй","29 червня 2019, 13:19","https://nv.ua/ukr/style/krasota-i-moda/ukrajinci-nayseksualnisha-naciya-50029438.html"
"Одягла першою. Селін Діон вийшла в світ в асиметричних джинсах українського дизайнера","29 червня 2019, 11:51","https://nv.ua/ukr/style/krasota-i-moda/selin-dion-v-dzhinsah-ukrajinskogo-dizaynera-50029432.html"
"Insta-хроніка. Джіджі Хадід, Кейт Мосс та інші зірки на Тижні чоловічої моди в Парижі","27 червня 2019, 11:28","https://nv.ua/ukr/style/krasota-i-moda/tizhden-cholovichoji-modi-v-parizhi-dzhidzhi-hadid-keyt-moss-ta-inshi-zirkovi-gosti-foto-50029174.html"
"Гавайські сорочки і tie-dye. Кращі streetstyle-образи з чоловічого Тижня моди в Парижі","25 червня 2019, 14:53","https://nv.ua/ukr/style/krasota-i-moda/krashchi-streetstyle-obrazi-z-cholovichoyu-tizhnya-modi-v-parizhi-50028822.html"
"Нюдові губи і м’ятний лайнер. П’ять головних трендів в літньому макіяжі","24 червня 2019, 09:44","https://nv.ua/ukr/style/krasota-i-moda/makiyazh-lita-2019-priyshov-chas-nyuda-m-yatnogo-laynera-i-blakitnih-tiney-foto-50027724.html"
"Зібралися всі. Анна Вінтур, Хелен Міррен, Тільда Суїнтон вшанували пам’ять великого Карла Лагерфельда","21 червня 2019, 16:05","https://nv.ua/ukr/style/krasota-i-moda/ves-modniy-bomond-na-vechori-pam-yati-karla-lagerfelda-v-parizhi-50028225.html"
"Став лицарем. Принц Чарльз нагородив дизайнера Ральфа Лорена орденом Британської імперії","20 червня 2019, 15:42","https://nv.ua/ukr/style/krasota-i-moda/princ-charlz-nagorodiv-dizaynera-ralfa-lorena-ordenom-britanskoji-imperiji-50027998.html"
"Більше фарб. Як носити неоновий тренд цього літа","12 червня 2019, 14:32","https://nv.ua/ukr/style/krasota-i-moda/neon-trend-lita-2019-yak-nositi-yaskravi-kolori-50026664.html"
"Обійшов Chanel і Hermes. Louis Vuitton визнано найдорожчим брендом 2019 року","12 червня 2019, 12:51","https://nv.ua/ukr/style/krasota-i-moda/louis-vuitton-viznaniy-naydorozhchim-brendom-2019-roku-50026653.html"
"Мереживо, принти і багато сексу. Три наймодніших купальника літа 2019","11 червня 2019, 12:36","https://nv.ua/ukr/style/krasota-i-moda/kupalniki-2019-tri-naymodnishi-modeli-lita-foto-50026434.html"
"Американський фешн-Оскар. Оголошено переможців CFDA Fashion Awards 2019","4 червня 2019, 09:54","https://nv.ua/ukr/style/krasota-i-moda/cfda-fashion-awards-2019-spisok-peremozhciv-50025166.html"
"Заборонений колір. Як носити наймодніший відтінок червня","3 червня 2019, 18:13","https://nv.ua/ukr/style/krasota-i-moda/cey-kolir-nepomitno-stav-modnim-trendom-chervnya-yak-yogo-nositi-50024959.html"
"­­­­П'ять технологічних трендів, що змінюють індустрію краси","1 червня 2019, 07:22","https://nv.ua/ukr/style/krasota-i-moda/-50024666.html"
"Вуличний арт. Олена Даць показала нову колекцію суконь в гангстерському районі Маямі","31 травня 2019, 14:12","https://nv.ua/ukr/style/krasota-i-moda/olena-dac-pokazala-novu-kolekciyu-sukon-v-gangsterskomu-rayoni-mayami-50024628.html"
"Марш за права жінок. Дизайнер Gucci Алессандро Мікеле перетворив показ колекції на маніфест","31 травня 2019, 12:26","https://nv.ua/ukr/style/krasota-i-moda/-50024595.html"
"Як у Кім. Зіркові стилісти назвали модну стрижку літа","31 травня 2019, 12:12","https://nv.ua/ukr/style/krasota-i-moda/modna-strizhka-lita-2019-eksperti-rozpovili-pro-golovniy-hair-trend-50024597.html"
"Ідеї для модного педикюру літа 2019","29 травня 2019, 15:29","https://nv.ua/ukr/style/krasota-i-moda/p-yat-idey-dlya-modnogo-pedikyuru-lita-2019-50024138.html"
"Створила сама. Кара Делевінь знялася в рекламі сумок Balmain","29 травня 2019, 12:10","https://nv.ua/ukr/style/znamenitosti/kara-delevin-znyalasya-v-reklami-sumok-balmain-50024146.html"
"Сукня цього літа: що варто поселити у вашому гардеробі?","28 травня 2019, 17:17","https://nv.ua/ukr/style/krasota-i-moda/moda-lita-zvertayemo-uvagu-na-sukni-50022879.html"
"Майк на стилі. Зірка серіалу Дивні дива став новим обличчям Saint Laurent","28 травня 2019, 16:54","https://nv.ua/ukr/style/krasota-i-moda/-50023998.html"
"DN8: чоловічий шопінг-релакс","28 травня 2019, 11:38","https://nv.ua/ukr/style/krasota-i-moda/-50021637.html"
"Нагадали про Залізний трон. Adidas порадувала глядачів Гри престолів новою моделлю кросівок","27 травня 2019, 17:00","https://nv.ua/ukr/style/krasota-i-moda/adidas-stvorila-novi-krosivki-za-motivami-igri-prestoliv-50023723.html"
"Поганий вихід. Найневдаліші образи зірок з червоної доріжки Каннського фестивалю 2019","26 травня 2019, 13:30","https://nv.ua/ukr/style/krasota-i-moda/naygirshi-sukni-kannskogo-kinofestivalyu-2019-foto-50023574.html"
"Закриття Каннського кінофестивалю 2019. Найкращі образи з червоної доріжки","26 травня 2019, 09:52","https://nv.ua/ukr/style/krasota-i-moda/zakrittya-kannskogo-kinofestivalyu-2019-naykrashchi-sukni-z-chervonoji-dorizhki-50023560.html"
"Ідеальний тренд. Модні експерти назвали наймоднішу тканину цього літа","25 травня 2019, 07:13","https://nv.ua/ukr/style/krasota-i-moda/yak-lon-potrapiv-v-chislo-golovnih-trendiv-lita-50023461.html"
"Як у Кендалл Дженнер. H&M випускає колекцію одягу з червоної доріжки Канського кінофестивалю 2019","24 травня 2019, 13:49","https://nv.ua/ukr/style/krasota-i-moda/h-m-vipuskaye-kolekciyu-odyagu-z-chervonoji-dorizhki-kanskogo-kinofestivalyu-2019-50023318.html"
"Стало відомо, коли відбудеться 45-а Ukrainian Fashion Week","24 травня 2019, 12:40","https://nv.ua/ukr/style/krasota-i-moda/-50023305.html"
"До 18 заборонено. Модні будинки світу відмовляються від послуг неповнолітніх моделей","16 травня 2019, 17:29","https://nv.ua/ukr/style/krasota-i-moda/modni-budinki-svitu-vidmovlyayutsya-vid-poslug-nepovnolitnih-modeley-50021877.html"
"Тренд на справжність","16 травня 2019, 14:50","https://nv.ua/ukr/style/krasota-i-moda/-50021819.html"
"Міс стильний джентльмен. Джіджі Хадід об'єднала чоловічу та жіночу моду в новій рекламі Burberry","15 травня 2019, 14:23","https://nv.ua/ukr/style/krasota-i-moda/dzhidzhi-hadid-ob-yednala-cholovichu-i-zhinochu-modu-v-noviy-reklami-burberry-50021587.html"
"Як у Ріанни. Мармуровий манікюр визнаний головним б'юті-трендом літа","12 травня 2019, 11:12","https://nv.ua/ukr/style/krasota-i-moda/kak-u-rianny-mramornyy-manikyur-priznan-glavnym-byuti-trendom-leta-50020978.html"
"В маленькій чорній сукні. Аріана Гранде повторила культовий образ Одрі Хепберн в рекламі Givenchy","11 травня 2019, 17:41","https://nv.ua/ukr/style/znamenitosti/v-malenkom-chernom-plate-ariana-grande-povtorila-kultovyy-obraz-odri-hepbern-v-reklame-givenchy-50020918.html"
"На старт, увага, літо. Три трендові моделі шортів, в які потрібно закохатися","10 травня 2019, 09:32","https://nv.ua/ukr/style/krasota-i-moda/na-start-vnimanie-leto-tri-trendovye-modeli-shortov-v-kotorye-nuzhno-vlyubitsya-50020568.html"
"Історія поколінь і слов'янська символіка на міжнародній виставці Gem Geneva","8 травня 2019, 10:31","https://nv.ua/ukr/style/krasota-i-moda/oberig-edet-zavoevyvat-serdca-evropeycev-unikalnym-brendom-50019459.html"
"Костюм люстри і зайва голова. Найдивніше вбрання зірок на Met Gala 2019","7 травня 2019, 13:02","https://nv.ua/ukr/style/krasota-i-moda/kostyum-lyustry-i-lishnyaya-golova-samye-strannye-naryady-zvezd-na-met-gala-2019-50020161.html"
"Met Gala 2019. Все, що потрібно знати про Бал Інституту костюма","6 травня 2019, 21:15","https://nv.ua/ukr/style/kultura/met-gala-2019-vse-chto-nuzhno-znat-o-bale-instituta-kostyuma-50020052.html"
"Модні уроки з Instagram. Вісім способів носити головний hair-тренд літа, аби виглядати стильно","3 травня 2019, 16:43","https://nv.ua/ukr/style/krasota-i-moda/modnye-uroki-iz-instagram-kak-nosit-glavnyy-hair-trend-leta-chtoby-vyglyadet-stilno-50019648.html"
"Повірити в себе: проект «Краса для всіх» в Україні","3 травня 2019, 10:16","https://nv.ua/ukr/style/krasota-i-moda/poverit-v-sebya-proekt-krasota-dlya-vseh-v-ukraine-50019565.html"
"Кращий вибір. Кіану Рівз підкорив Мережу, знявшись у рекламі Saint Laurent","2 травня 2019, 13:19","https://nv.ua/ukr/style/znamenitosti/luchshiy-vybor-kianu-rivz-pokoril-set-snyavshis-v-reklame-saint-laurent-50019411.html"
"На пляжі в Малібу. Емілі Ратаковськи показала, як носити наймодніший купальник літа 2019","24 квітня 2019, 21:52","https://nv.ua/ukr/style/krasota-i-moda/na-plyazhe-v-malibu-emili-ratakovski-pokazala-kak-nosit-samyy-modnyy-kupalnik-leta-2019-50018523.html"
"Мінус один тренд. Медики визнали модне взуття на платформі небезпечним для здоров'я","24 квітня 2019, 16:25","https://nv.ua/ukr/style/krasota-i-moda/ortopedy-preduprezhdayut-pochemu-ne-stoit-nosit-obuv-na-vysokoy-platforme-50018457.html"
"Дайте кольору. Денім в яскравих відтінках став трендом весни і літа","24 квітня 2019, 08:52","https://nv.ua/ukr/style/krasota-i-moda/dayte-cveta-denim-v-yarkih-ottenkah-stal-trendom-vesny-i-leta-50018309.html"
"Вуличний тренд. Настя Каменських показала, як носити оверсайз-тренч цієї весни","23 квітня 2019, 14:47","https://nv.ua/ukr/style/showbiz/ulichnyy-trend-nastya-kamenskih-pokazala-kak-nosit-oversayz-trench-etoy-vesnoy-50018239.html"
"Урок для Меган Маркл. Розкрито секрет бездоганного стилю Амаль Клуні","23 квітня 2019, 13:39","https://nv.ua/ukr/style/znamenitosti/urok-dlya-megan-markl-raskryt-sekret-bezuprechnogo-stilya-amal-kluni-50018220.html"
"Не вішай ярлики. Фонд Олени Пінчук і Всі. Свої представили колекцію футболок проти гендерних стереотипів","19 квітня 2019, 11:31","https://nv.ua/ukr/style/krasota-i-moda/ne-veshay-yarlyki-fond-eleny-pinchuk-i-vsi-svoji-predstavili-kollekciyu-futbolok-protiv-gendernyh-stereotipov-50017438.html"
"Фешн-експерти назвали наймодніше плаття весни 2019","19 квітня 2019, 08:11","https://nv.ua/ukr/style/krasota-i-moda/koketlivyy-trend-feshn-eksperty-nazvali-samoe-modnoe-plate-vesny-2019-50017383.html"
"Яскраві акценти: колекція RITO весна-літо 2019","17 квітня 2019, 15:57","https://nv.ua/ukr/style/krasota-i-moda/yarkie-akcenty-kollekciya-rito-vesna-leto-2019-50017045.html"
"Зупиніться. П'ять продуктів, які руйнують шкіру і прискорюють старіння","17 квітня 2019, 12:26","https://nv.ua/ukr/style/krasota-i-moda/ostanovites-pyat-produktov-kotorye-razrushayut-kozhu-i-uskoryayut-starenie-50017025.html"
"Робимо красиво. Великодній манікюр — тренд весни 2019","16 квітня 2019, 15:30","https://nv.ua/ukr/style/krasota-i-moda/raspisyvaem-ne-tolko-yayca-idei-manikyura-dlya-vesny-i-pashalnyh-prazdnikov-50016841.html"
"Леопард. Дженніфер Лопес підкорила фанів модним фарбуванням з анімалістичним принтом","11 квітня 2019, 10:05","https://nv.ua/ukr/style/znamenitosti/amerikanskaya-pevica-i-aktrisa-dzhennifer-lopes-udivila-polzovateley-seti-modnym-okrashivaniem-s-animalistichnym-50015908.html"
"Антологія кольору. Фешн-аналітики розповіли, денім якого відтінку виглядає найдорожче","10 квітня 2019, 13:52","https://nv.ua/ukr/style/krasota-i-moda/antologiya-cveta-feshn-eksperty-rasskazali-denim-kakogo-ottenka-smotritsya-naibolee-dorogo-50015786.html"
"Правда чи міф. Експерти розповіли, чи можна спати з мокрим волоссям","8 квітня 2019, 14:21","https://nv.ua/ukr/style/krasota-i-moda/pravda-ili-mif-eksperty-rasskazali-mozhno-li-spat-s-mokrymi-volosami-50015353.html"
"Щасливі в Нью-Йорку. Дизайнер Марк Джейкобс одружився зі своїм давнім другом","8 квітня 2019, 10:29","https://nv.ua/ukr/style/krasota-i-moda/schastlivy-v-nyu-yorke-dizayner-mark-dzheykobs-zhenilsya-na-svoem-davnem-druge-50015272.html"
"Для ділової зустрічі і вечірнього виходу. Як носити комбінезон цієї весни","8 квітня 2019, 09:30","https://nv.ua/ukr/style/krasota-i-moda/dlya-delovoy-vstrechi-i-vechernego-vyhoda-kak-nosit-kombinezon-etoy-vesnoy-50015226.html"
"Кольорові і ""мильні"". Які брови в тренді навесні і влітку 2019","7 квітня 2019, 15:35","https://nv.ua/ukr/style/krasota-i-moda/kolorovi-ta-milni-yaki-brovi-v-trendi-v-2019-roci-50001855.html"
"Оверсайз і рожевий денім. П'ять сміливих джинсових трендів весни та літа 2019","6 квітня 2019, 13:41","https://nv.ua/ukr/style/krasota-i-moda/oversayz-i-rozovyy-denim-pyat-smelyh-dzhinsovyh-trendov-vesny-i-leta-2019-50015129.html"
"Все ще вірять в любов. Tiffany & Co представили романтичний ролик під пісню Леді Гаги","3 квітня 2019, 20:49","https://nv.ua/ukr/style/krasota-i-moda/vse-eshche-veryat-v-lyubov-tiffany-co-predstavili-romantichnyy-rolik-pod-pesnyu-ledi-gagi-50014632.html"
"Зміни тривають. Селін Діон стала новим обличчям L'Oreal Paris","3 квітня 2019, 15:42","https://nv.ua/ukr/style/krasota-i-moda/peremeny-prodolzhayutsya-selin-dion-stala-novym-licom-l-oreal-paris-50014552.html"
"Не леопард і не змія. Який принт в одязі, взутті та макіяжі став головним трендом весни 2019","3 квітня 2019, 08:34","https://nv.ua/ukr/style/krasota-i-moda/zebra-pobedila-leoparda-glavnyy-print-vesny-2019-50014363.html"
"Буде спекотно. Французи запропонували цього літа замінити шорти на джинсову білизну","2 квітня 2019, 09:04","https://nv.ua/ukr/style/krasota-i-moda/novyy-trend-francuzy-predlozhili-etim-letom-nosit-dzhinsovye-trusy-vmesto-short-50014082.html"
"Вам сподобається. Три наймодніші футболки весни і літа 2019","1 квітня 2019, 09:30","https://nv.ua/ukr/style/krasota-i-moda/vam-ponravitsya-tri-samye-modnye-futbolki-vesny-i-leta-2019-50014016.html"
"LOEWE: в унісон з природою і мистецтвом","29 березня 2019, 13:23","https://nv.ua/ukr/style/krasota-i-moda/loewe-v-unison-s-prirodoy-i-iskusstvom-50012075.html"
"Більше сексу. Стилісти розповіли, який купальник стане трендом літа 2019","27 березня 2019, 19:29","https://nv.ua/ukr/style/krasota-i-moda/bolshe-seksa-stilisty-rasskazali-kakoy-kupalnik-stanet-trendom-leta-2019-50013239.html"
"10 трендів весни. Як підготувати свій гардероб до дощу, сонця і грози","25 березня 2019, 20:30","https://nv.ua/ukr/style/krasota-i-moda/10-trendov-budushchey-vesny-kak-podgotovitsya-k-kapeli-solncu-i-groze-50012768.html"
"Сатинова сексуальність. Стилісти визначили наймоднішу сукню весни 2019","25 березня 2019, 19:23","https://nv.ua/ukr/style/krasota-i-moda/satinovaya-seksualnost-stilisty-opredelili-samoe-modnoe-plate-vesny-2019-50012819.html"
"Корейські тренди. Кращі street style образи з Тижня моди в Сеулі","25 березня 2019, 17:13","https://nv.ua/ukr/style/krasota-i-moda/koreyskie-trendy-luchshie-street-style-obrazy-s-nedeli-mody-v-seule-50012785.html"
